movieId,director,posterPath,trailerPath,synopsis
11,George Lucas,/4hOUzmButYUeON0prG3RpbqS7ag.jpg,https://www.youtube.com/embed/XHk5kCIiGoM?&theme=dark&autoplay=1&autohide=1&modestbranding=1&fs=0&showinfo=0&rel=0&controls=0&disablekb=1,La princesa Leia, líder del movimiento rebelde que desea reinstaurar la República en la galaxia en los tiempos ominosos del Imperio, es capturada por las malévolas Fuerzas Imperiales, capitaneadas por el implacable Darth Vader, el sirviente más fiel del emperador. El intrépido Luke Skywalker, ayudado por Han Solo, capitán de la nave espacial "El Halcón Milenario", y los androides, R2D2 y C3PO, serán los encargados de luchar contra el enemigo y rescatar a la princesa para volver a instaurar la justicia en el seno de la Galaxia.
12,Andrew Stanton,/jPhak722pNGxQIXSEfeWIUqBrO5.jpg,https://www.youtube.com/embed/TOQsDiEc7nk?&theme=dark&autoplay=1&autohide=1&modestbranding=1&fs=0&showinfo=0&rel=0&controls=0&disablekb=1,Nemo, un pececillo, hijo único muy querido y protegido por su padre, ha sido capturado en un arrecife australiano y ahora vive en una pecera en la oficina de un dentista de Sidney. El tímido padre de Nemo se embarcará en una peligrosa aventura para rescatar a su hijo. Pero Nemo y sus nuevos amigos tienen también un astuto plan para escapar de la pecera y volver al mar.
13,Robert Zemeckis,/arw2vcBveWOVZr6pxd9XTd1TdQa.jpg,https://www.youtube.com/embed/bLvqoHBptjg?&theme=dark&autoplay=1&autohide=1&modestbranding=1&fs=0&showinfo=0&rel=0&controls=0&disablekb=1,Forrest Gump es un chico con deficiencias mentales no muy profundas y con alguna incapacidad motora que, a pesar de todo, llegará a convertirse, entre otras cosas, en un héroe durante la Guerra del Vietnam. Su persistencia y bondad le llevarán a conseguir una gran fortuna, ser objeto del clamor popular y a codearse con las más altas esferas sociales y políticas del país. Siempre sin olvidar a Jenny, su gran amor desde que era niño.
14,Sam Mendes,/fbkevWYfyNZrT46ROmw0DyHC0RA.jpg,https://www.youtube.com/embed/CQH51MGFwpY?&theme=dark&autoplay=1&autohide=1&modestbranding=1&fs=0&showinfo=0&rel=0&controls=0&disablekb=1,Divertida, inquietante y sorprendente incursión en la América suburbana a través de las vidas de Lester y Carolyn, una pareja perteneciente a la clase medio-alta cuyo matrimonio -y cuyas vidas- lentamente se deshacen. Carolyn odia a su marido, su hija lo desprecia y su jefe está a punto de despedirlo. Así que Lester decide cambiar algunas cosas en su vida; a medida que va siendo más libre, consigue ser más feliz, lo que enfurece más a su esposa y a su hija.
22,Gore Verbinski,/8zHnkTGyAImBcI49a1xFJHUjbaK.jpg,https://www.youtube.com/embed/5Itr2jHuJaw?&theme=dark&autoplay=1&autohide=1&modestbranding=1&fs=0&showinfo=0&rel=0&controls=0&disablekb=1,El aventurero Capitán Jack Sparrow recorre las aguas caribeñas. Pero su andanzas terminan cuando su enemigo, el Capitán Barbossa le roba su barco, la Perla Negra, y ataca la ciudad de Port Royal, secuestrando a Elizabeth Swann, hija del Gobernador. Will Turner, el amigo de la infancia de Elizabeth, se une a Jack para rescatarla y recuperar la Perla Negra. Pero el prometido de Elizabeth, Comodoro Norrington, les persigue a bordo del HMS Impávido. Además, Barbossa y su tripulación son víctimas de un conjuro por el que están condenados a vivir eternamente, y a transformarse cada noche en esqueletos vivientes, en fantasmas guerreros.
24,Quentin Tarantino,/lfj709InbmljVqAXgUk2qjnujNN.jpg,https://www.youtube.com/embed/c_dNIXwrbzY?&theme=dark&autoplay=1&autohide=1&modestbranding=1&fs=0&showinfo=0&rel=0&controls=0&disablekb=1,Uma Thurman es una asesina que, el día de su boda, es atacada por los miembros de la banda de su jefe, Bill (David Carradine). Logra sobrevivir al ataque, aunque queda en coma. Cinco años después despierta con un trozo de metal en la cabeza y un gran deseo de venganza en su corazón.
38,Michel Gondry,/eSDzbcm2XchCOOK07kvmQvnHGjx.jpg,https://www.youtube.com/embed/rb9a00bXf-U?&theme=dark&autoplay=1&autohide=1&modestbranding=1&fs=0&showinfo=0&rel=0&controls=0&disablekb=1,Una mujer usa los servicios de una empresa para borrar de su memoria todo recuerdo de su ex pareja. Ofendido, el hombre intenta hacer lo mismo que ella, pero el proceso no sucede según lo esperado y el protagonista debe atravesar la gigantesca marea de recuerdos de su propio cerebro para recomponer las cosas.
63,Terry Gilliam,/5hG7fA6tlFV3XlDOXiiuO9T1exs.jpg,https://www.youtube.com/embed/YxLbHHYGzkg?&theme=dark&autoplay=1&autohide=1&modestbranding=1&fs=0&showinfo=0&rel=0&controls=0&disablekb=1,Año 2035. Tras el azote de un virus que asola la Tierra matando a millones de personas, los supervivientes se refugian en comunidades subterráneas, húmedas y frías. El prisionero James Cole se ofrece "voluntario" para viajar al pasado y conseguir una muestra del virus, gracias a la cual los científicos podrán elaborar un remedio. Durante el viaje conoce a una bella psiquiatra y un excepcional enfermo mental. Cole tratará de encontrar al "Ejército de los 12 Monos", un grupo radical vinculado a la enfermedad.
77,Christopher Nolan,/neHrQLVfT3KPqvv30pNPyRb6chQ.jpg,https://www.youtube.com/embed/mV9l1enMqvk?&theme=dark&autoplay=1&autohide=1&modestbranding=1&fs=0&showinfo=0&rel=0&controls=0&disablekb=1,Leonard es un investigador de seguros cuya memoria está irreversiblemente dañada a causa de un golpe en la cabeza al intentar evitar el asesinato de su mujer -el último hecho que recuerda su memoria de largo plazo-. A causa del golpe no consigue retener en la memoria las cosas que ahora le suceden más allá de unos cuantos minutos, por lo que ayudado de una cámara instantánea y escritos tatuados en su cuerpo, intentará resolver y vengar el asesinato de su esposa.
85,Steven Spielberg,/fwxx2jsnyiAP2F4tPhj6vwbhxbc.jpg,https://www.youtube.com/embed/ep1d88NWhVY?&theme=dark&autoplay=1&autohide=1&modestbranding=1&fs=0&showinfo=0&rel=0&controls=0&disablekb=1,Año 1936. Indiana Jones es un profesor de arqueología, dispuesto a correr peligrosas aventuras con tal de conseguir valiosas reliquias históricas. Después de una infructuosa misión en Sudamérica, el gobierno estadounidense le encarga la búsqueda del Arca de la Alianza, donde se conservan las Tablas de la Ley que Dios entregó a Moisés. Según la leyenda, quien las posea tendrá un poder absoluto, razón por la cual también la buscan los nazis.
98,Ridley Scott,/zd56zNqKL3tuGFu63BSTcBpJvYI.jpg,https://www.youtube.com/embed/AxQajgTyLcM?&theme=dark&autoplay=1&autohide=1&modestbranding=1&fs=0&showinfo=0&rel=0&controls=0&disablekb=1,Máximo, General de las Legiones Romanas, es querido por todos, incluso por el César, Marco Aurelio, que antes de morir le elige a él como sucesor dejando de lado a su propio hijo, Cómodo. Cómodo movido por el odio prepara una conspiración contra Máximo, le condena a él y su familia a muerte. Máximo intentará salvar a su mujer y su hijo pero cuando llega es demasiado tarde, Cómodo se le ha adelantado. Máximo volverá a Roma como gladiador en busca de venganza.
105,Robert Zemeckis,/xS3k4YTyt5DdaLmbDGxdioi2v3w.jpg,https://www.youtube.com/embed/AM28GvL8oCM?&theme=dark&autoplay=1&autohide=1&modestbranding=1&fs=0&showinfo=0&rel=0&controls=0&disablekb=1,Marty McFly es un adolescente amigo de Doc, un científico a los que todos menos él toman por chiflado. Cuando Doc crea una máquina para viajar en el tiempo en forma de un automóvil deportivo, Marty viaja accidentalmente al año 1955. Allí se encontrará con sus padres cuando eran jóvenes, pero impide su primer encuentro. A partir de entonces, y con el tiempo en su contra, McFly deberá conseguir que se enamoren para que se casen y él no deje de existir.
107,Guy Ritchie,/uk8MKxYrKzaH8blos3tGkP7JBlY.jpg,https://www.youtube.com/embed/11ptis6I2Zk?&theme=dark&autoplay=1&autohide=1&modestbranding=1&fs=0&showinfo=0&rel=0&controls=0&disablekb=1,Franky es una ladrón de diamantes que tiene que entregar una enorme pieza a su jefe Avi, pero en el camino es tentado por Boris para apostar en un combate ilegal de boxeo. En realidad, es una trampa para atracarle por lo que, cuando Avi se entera, contrata a Tony para encontrar a Franky y el diamante. Pronto se descubre el triste destino de Franky, y la caza y captura de la gema desaparecida lleva a todo el mundo a un juego de locos que corre el riesgo de descontrolarse, donde el engaño, el chantaje y el fraude se mezclan de forma sangrienta con perros, diamantes, boxeadores y gran variedad de armas en una caótica merienda de negros.
114,Garry Marshall,/yoDLsn1w8M68nS9eOWyhebthhf1.jpg,https://www.youtube.com/embed/or_J4mMOH1w?&theme=dark&autoplay=1&autohide=1&modestbranding=1&fs=0&showinfo=0&rel=0&controls=0&disablekb=1,Un acaudalado y frío hombre de negocios conoce en Hollywood Boulevard a una joven y atractiva prostituta a la que alquila durante una semana para que sea su acompañante en sus cenas con los clientes. Para ello la chica se verá sometida a todo un cambio de look tras el que nadie podrá ver, a simple vista, que es una chica de la calle.
141,Richard Kelly,/34fZVT3FjIfLNTuQdMoLEhjronL.jpg,https://www.youtube.com/embed/bzLn8sYeM9o?&theme=dark&autoplay=1&autohide=1&modestbranding=1&fs=0&showinfo=0&rel=0&controls=0&disablekb=1,Donnie es un chico americano dotado de gran inteligencia e imaginación. Tras escapar milagrosamente de una muerte casi segura, comienza a sufrir alucinaciones que lo llevan a actuar como nunca hubiera imaginado y a descubrir un mundo insólito a su alrededor.
153,Sofia Coppola,/ybXq8xTs6VMx3hM4RDYMXaDZwcz.jpg,https://www.youtube.com/embed/1s4YQqnbnM8?&theme=dark&autoplay=1&autohide=1&modestbranding=1&fs=0&showinfo=0&rel=0&controls=0&disablekb=1,Bob Harris y Charlotte son dos norteamericanos que se encuentran en Tokio. Bob es una estrella de cine de mediana edad que ha venido a rodar un anuncio. Charlotte es una mujer joven que acompaña a todas partes a su marido, un fanático del trabajo. Incapaces de dormir, los caminos de Bob y Charlotte se cruzan por casualidad y no tardará en nacer entre ellos una sorprendente amistad. Se aventuran juntos en la vida nocturna de Tokio, comparten inolvidables experiencias con los habitantes de la ciudad y terminan descubriendo una nueva manera de ver la vida.
161,Steven Soderbergh,/rDWIeM3bOOxh0uP9wd9baGOtx2p.jpg,https://www.youtube.com/embed/jDtocnE8uKs?&theme=dark&autoplay=1&autohide=1&modestbranding=1&fs=0&showinfo=0&rel=0&controls=0&disablekb=1,Danny Ocean es un carismático ladrón que, tan sólo 24 horas después de cumplir una larga condena en prisión, ya está planeando su próximo delito. Su objetivo: realizar el mayor atraco de casinos de la historia. Para ello formará un equipo de once hombres, cada uno de ellos el mejor en su campo. Sin embargo surgirá un problema inesperado: el dueño de los locales, Terry Benedic, está saliendo con Tess, su ex-mujer.
180,Steven Spielberg,/pnMZXcdCjvUe8Gm7sjG8blRYDCX.jpg,https://www.youtube.com/embed/__oEU4P_rL8?&theme=dark&autoplay=1&autohide=1&modestbranding=1&fs=0&showinfo=0&rel=0&controls=0&disablekb=1,Washington DC, año 2054. La policía utiliza tecnología psíquica para arrestar y enjuiciar a los asesinos antes de que cometan un crimen. El futuro se puede predecir y los culpables son detenidos por la unidad de élite Precrime antes de que puedan delinquir. Las pruebas se basan en los "precogs", tres seres psíquicos cuyas visiones sobre los asesinatos nunca han fallado.
187,Robert Rodriguez,/1sCP6x6MdJ6Tod8f7ZXVFzMlmx9.jpg,https://www.youtube.com/embed/9KSD68qbGUg?&theme=dark&autoplay=1&autohide=1&modestbranding=1&fs=0&showinfo=0&rel=0&controls=0&disablekb=1,Bienvenidos a Sin City, ciudad de policías corruptos, atractivas damas y vigilantes desesperados. Algunos están buscando venganza, algunos redención, y otros, ambas cosas. Un universo de héroes inverosímiles que intentan hacer lo correcto. Sin City es una ciudad que vive entre la luz y la oscuridad, llena de personajes singulares. Está por ejemplo Marv (Mickey Rourke), un superviviente que busca vengar la muerte de su único amor. También está Dwight (Clive Owen), un investigador privado que intenta dejar sus problemas atrás. Después de que un policía sea asesinado, Dwight no parará ante nada para proteger a sus amigos. Finalmente, está la historia de Hartigan (Bruce Willis), el último policía honesto de Sin City, que va tras la pista de una joven en manos del sádico hijo de un senador... con resultados inesperados.
197,Mel Gibson,/cDMYybBU4COJfTwcPgnihwY5EiP.jpg,https://www.youtube.com/embed/WtO3CsleMDg?&theme=dark&autoplay=1&autohide=1&modestbranding=1&fs=0&showinfo=0&rel=0&controls=0&disablekb=1,¿Qué clase de hombre desafiaría a un rey? Mel Gibson protagoniza y dirige esta historia épica medieval sobre la independencia de Escocia en el siglo XIII. “Braveheart” está basada en la legendaria historia de Sir William Wallace (Mel Gibson), un montañés escocés que arrastra a su clan a luchar contra la tiranía del rey Eduardo I. Después del brutal asesinato de su joven esposa por los ingleses, Wallace sólo busca venganza. Hambrientos y en inferior número, Wallace lidera a los patriotas escoceses y consigue organizar un ejército de guerreros sedientos de libertad logrando recuperar con ello el espíritu que haría a Escocia libre para siempre.
243,Stephen Frears,/ptFYSyF3V4fzpDhJNXeCMbIDyvV.jpg,https://www.youtube.com/embed/yUTsDJ3dxEQ?&theme=dark&autoplay=1&autohide=1&modestbranding=1&fs=0&showinfo=0&rel=0&controls=0&disablekb=1,En esta comedia romántica y mordaz, Rob Gordon es el dueño de una tienda de discos de Chicago, cuya peculiaridad es que vende, sobre todo, discos de vinilo. Rob dice ser un verdadero fanático de la música, y se pasa todo el tiempo en el Championship Vinyl con sus dos empleados, Dick y Barry, dos tipos de lo más peculiar. Aunque los tres conocen a fondo el mundo de la música popular, y les encantan los conciertos y la idea de hacer listas de las cinco mejores canciones de todos los tiempos por categor¡as espec¡ficas, Rob está pasando por un mal momento: su relación con Laura, su actual novia, se rompe. Y a partir de ese momento Rob empieza a reflexionar sobre sus desengaños amorosos, lo que él llama "las cinco principales", es decir, las chicas que han dejado huella en su vida. Eso s¡, sin dejar de lado la música, la auténtica pasión de su vida, junto a las mujeres.
268,Tim Burton,/k0f0FNZx0eBUCYiVpun9WUh0BFk.jpg,https://www.youtube.com/embed/hZernuRv_KA?&theme=dark&autoplay=1&autohide=1&modestbranding=1&fs=0&showinfo=0&rel=0&controls=0&disablekb=1,Atormentado por haber visto morir a sus padres delante suyo, Bruce Wayne se enfunda cada noche en el traje de Batman, adopta la terrorífica forma de un murciélago y surca los tejados de Gotham City combatiendo el crimen y manteniendo a raya la corrupción de su ciudad. Pero esta vez Batman tendrá que enfrentarse a su mas terrible enemigo: El Joker, que pretende someter a toda la ciudad bajo los deseos de su mente perturbada.
272,Christopher Nolan,/z9iIvDrc4A6WqBg3qzmfQmRFLwe.jpg,https://www.youtube.com/embed/k4nCN2HIXkc?&theme=dark&autoplay=1&autohide=1&modestbranding=1&fs=0&showinfo=0&rel=0&controls=0&disablekb=1,¿Cómo cambia un hombre el mundo? Es una pregunta que obsesiona a Bruce Wayne al igual que el fantasma de sus padres, muertos a tiros ante sus ojos en las calles de Gotham una noche que cambió su vida para siempre. Atormentado por la culpa y la ira, el desilusionado heredero industrial desaparece de Gotham y viaja en secreto por el mundo, buscando los medios de luchar contra la injusticia y utilizar el miedo contra los que se aprovechan de los que tienen miedo. Con la ayuda de su leal mayordomo Alfred, el detective Jim Gordon - uno de los pocos buenos policías de las fuerzas del orden público de Gotham - y Lucius Fox, su aliado en la división de Ciencias Aplicadas de Wayne Enterprises, Bruce Wayne libera a su imponente alter ego: Batman, un justiciero enmascarado que utiliza la fuerza, la inteligencia y un despliegue de artefactos de alta tecnología para combatir las fuerzas siniestras que amenazan con destruir la ciudad.
275,Joel Coen,/80FO9rH82FiJyLtGMDnGQnDQx0z.jpg,https://www.youtube.com/embed/oJsRRVXNj4M?&theme=dark&autoplay=1&autohide=1&modestbranding=1&fs=0&showinfo=0&rel=0&controls=0&disablekb=1,Un hombre apocado y tímido, casado con la hija de un millonario que le impide disfrutar de su fortuna, decide contratar a dos delincuentes para que secuestren a su mujer con el fin de montar un negocio propio con el dinero del rescate. Pero, por una serie de azarosas circunstancias, al secuestro se suman tres brutales asesinatos, lo que obliga a la policía a intervenir.
280,James Cameron,/qtgdiEwBDdyyMj241DURRCiD5se.jpg,https://www.youtube.com/embed/VVZQ39i5G1s?&theme=dark&autoplay=1&autohide=1&modestbranding=1&fs=0&showinfo=0&rel=0&controls=0&disablekb=1,Ha pasado 11 años desde que Sarah Connor fue marcada como objetivo para ser eliminada por un cyborg del futuro. Ahora su hijo, John, el futuro líder de la resistencia, es el objetivo de un Terminator más moderno, más mortífero. Una vez más, la resistencia se las ha ingeniado para enviar un protector de vuelta al pasado para intentar salvar a John y a su madre, Sarah.
329,Steven Spielberg,/ayqcgjeVxbXq7r9aHI18Uo8RpX6.jpg,https://www.youtube.com/embed/QWBKEmWWL38?&theme=dark&autoplay=1&autohide=1&modestbranding=1&fs=0&showinfo=0&rel=0&controls=0&disablekb=1,El multimillonario John Hammond tiene una idea para un espectacular parque temático: una isla retirada donde los visitantes puedan observar dinosaurios reales. Con la última tecnología en el desarrollo de DNA, los científicos pueden clonar braquiosaurios, triceratops, velociraptors y un tiranosaurio rex, utilizando para ello la sangre fosilizada en ámbar contenida en insectos que los mordieron hace millones de años. Los paleontólogos Alan Grant, Ellie Sattler y Ian Malcolm visitan el parque y quedan muy sorprendidos con los resultados obtenidos. Pero cuando un problemático empleado manipula el sofisticado sistema de seguridad los dinosaurios escapan, obligando a los visitantes a luchar por su supervivencia.
393,Quentin Tarantino,/oEbYyyl3w2dptDZCfXr8NHEHFkl.jpg,https://www.youtube.com/embed/Trpbfnq-CSY?&theme=dark&autoplay=1&autohide=1&modestbranding=1&fs=0&showinfo=0&rel=0&controls=0&disablekb=1,Tras eliminar a algunos de los miembros de la banda que intentó asesinarla el día de su boda, "Mamba Negra" prosigue su venganza e intenta acabar con el resto de la banda, en especial con su antiguo jefe, Bill, que la dio por muerta dejándola en coma.
414,Joel Schumacher,/7kKUspSxDoQ88Dot3mXnoe3lcu0.jpg,https://www.youtube.com/embed/ep5LlHrLjmQ?&theme=dark&autoplay=1&autohide=1&modestbranding=1&fs=0&showinfo=0&rel=0&controls=0&disablekb=1,La ciudad de Gotham está amenazada de nuevo. Esta vez, se trata de una maligna pareja compuesta por Dos Caras (Tommy Lee Jones) y Enigma (Jim Carrey), que procurarán alterar la paz de sus conciudadanos y del mundo entero para siempre. Por este motivo, Bruce Wayne (Val Kilmer) deberá enfundarse otra vez el traje de Batman y luchar contra ellos; pero esta vez no estará solo, ya que será acompañado por el joven Robin (Chris O'Donnell)
424,Steven Spielberg,/3Ho0pXsnMxpGJWqdOi0KDNdaTkT.jpg,https://www.youtube.com/embed/bJcLRFWxRno?&theme=dark&autoplay=1&autohide=1&modestbranding=1&fs=0&showinfo=0&rel=0&controls=0&disablekb=1,Oskar Schindler, un hombre de enorme astucia y talento para las relaciones públicas, organiza un ambicioso plan para ganarse la simpatía de los nazis. Después de la invasión de Polonia por los alemanes, consigue, gracias a sus relaciones con los nazis, la propiedad de una fábrica de Cracovia. Allí emplea a cientos de operarios judíos, cuya explotación le hace prosperar rápidamente. Su gerente, también judío, es el verdadero director en la sombra, pues Schindler no tiene el menor conocimiento industrial.
462,Steven Soderbergh,/8R5xlT0CyVSgI44PHQVlzrxoU8.jpg,https://www.youtube.com/embed/keZXGaDvK2s?&theme=dark&autoplay=1&autohide=1&modestbranding=1&fs=0&showinfo=0&rel=0&controls=0&disablekb=1,Basada en una historia real, cuenta la historia de Erin Brockovich, una madre soltera que, atravesando dificultades, consigue un puesto de trabajo en un pequeño despacho de abogados. Su personalidad poco convencional hará que sus comienzos no sean demasiado alentadores, pero todo cambiará cuando decide investigar el extraño caso de unos clientes que adolecen de una sospechosa enfermedad.
550,David Fincher,/63j6sG0Q7GpLLNbGKgmFmAp7xT9.jpg,https://www.youtube.com/embed/BdJKm16Co6M?&theme=dark&autoplay=1&autohide=1&modestbranding=1&fs=0&showinfo=0&rel=0&controls=0&disablekb=1,Un joven sin ilusiones lucha contra su insomnio, consecuencia quizás de su hastío por su gris y rutinaria vida. En un viaje en avión conoce a Tyler Durden, un carismático vendedor de jabón que sostiene una filosofía muy particular: el perfeccionismo es cosa de gentes débiles; en cambio, la autodestrucción es lo único que hace que realmente la vida merezca la pena. Ambos deciden entonces formar un club secreto de lucha donde descargar sus frustaciones y su ira que tendrá un éxito arrollador.
557,Sam Raimi,/bCDaKZLRkrVVtPNyHxUfKvepW1N.jpg,https://www.youtube.com/embed/RcU2F0gFWoY?&theme=dark&autoplay=1&autohide=1&modestbranding=1&fs=0&showinfo=0&rel=0&controls=0&disablekb=1,Peter Parker es un joven y tímido estudiante que vive con su tía May y su tío Ben desde la muerte de sus padres, siendo él muy pequeño. Peter está enamorado de su guapa vecina, pero su escaso carisma no le hace ser precisamente muy popular en el instituto. Un día es mordido por una araña que ha sido modificada genéticamente, descubriendo al día siguiente que posee unos poderes poco habituales: tiene la fuerza y agilidad de una araña. Las aventuras del hombre araña, basadas en el famoso cómic de Stan Lee y Steve Ditko, arrasó en las taquillas americanas y pulverizó los récords de recaudación en su primer fin de semana: 114 millones de dólares, la primera vez en la historia que se consiguió pasar de la barrera de los 100 millones en un fin de semana normal.
558,Sam Raimi,/rOXKlW3ubSFjSdJRkGy4CPWQZUH.jpg,https://www.youtube.com/embed/3jBFwltrxJw?&theme=dark&autoplay=1&autohide=1&modestbranding=1&fs=0&showinfo=0&rel=0&controls=0&disablekb=1,Han pasado dos años desde que el tranquilo Peter Parker dejó a Mary Jane Watson, su gran amor, y decidió seguir asumir sus responsabilidades como Spider-Man. Peter debe afrontar nuevos desafíos mientras lucha contra el don y la maldición de sus poderes equilibrando sus dos identidades: el escurridizo superhéroe Spider-Man y el estudiante universitario. Las relaciones con las personas que más aprecia están ahora en peligro de ser descubiertas con la aparición del poderoso villano de múltiples tentáculos Doctor Octopus, "Doc Ock". Su atracción por M.J. se hace más fuerte mientras lucha contra el impulso de abandonar su vida secreta y declarar su amor. Mientras tanto, M.J. ha seguido con su vida. Se ha embarcado en su carrera de actriz y tiene un nuevo hombre en su vida. La relación de Peter con su mejor amigo Harry Osborn se ha alejado por la creciente venganza de Harry contra Spider-Man, al que considera responsable de la muerte de su padre.
568,Ron Howard,/6YNXPvmJ1FtXbz0DYxezhO5Ox08.jpg,https://www.youtube.com/embed/e3ZtOS4MCkk?&theme=dark&autoplay=1&autohide=1&modestbranding=1&fs=0&showinfo=0&rel=0&controls=0&disablekb=1,El Apolo 13 inicia su viaje a la luna en abril de 1970. Cuando la tripulación está a punto de llegar a su destino, una explosión en el espacio les hace perder oxígeno, energía y el curso de la nave... Todo se convierte en una situación desesperada para los tres hombres tripulantes, especialmente cuando el oxígeno amenaza con agotarse. Mientras, el mundo entero, que apenas un año antes conoció la gloria de la aventura espacial cuando el hombre pisó la luna, contiene la respiración a la espera de ver cómo acaba tan angustiosa espera.
581,Kevin Costner,/q0YqHnl8rJ8Abx4aBrG3sKflItW.jpg,https://www.youtube.com/embed/J0obOvGGb1U?&theme=dark&autoplay=1&autohide=1&modestbranding=1&fs=0&showinfo=0&rel=0&controls=0&disablekb=1,En torno a 1860, en vísperas de la Guerra de Secesión y a punto de terminar el periodo de colonización del Oeste (1785-1890), el teniente John J. Dunbar se dirige a un lejano puesto fronterizo que ha sido abandonado por los soldados. Su soledad lo impulsa a entrar en contacto con los indios sioux y, gracias a ello, conoce a "En pie con el puño en alto", una mujer blanca que fue adoptada por la tribu cuando era niña. Poco a poco, entre Dunbar y los sioux se establece una relación de respeto y admiración mutuos.
597,James Cameron,/zraTDtulFw2wrpyuYf646k95MNq.jpg,https://www.youtube.com/embed/xdIY4OjPas0?&theme=dark&autoplay=1&autohide=1&modestbranding=1&fs=0&showinfo=0&rel=0&controls=0&disablekb=1,Durante las labores de recuperación de los restos del famoso trasatlántico Titanic, una anciana norteamericana se pone en contacto con la expedición para acudir a una plataforma flotante instalada en el Mar del Norte y asistir in situ a la recuperación de sus recuerdos. A través de su memoria reviviremos los acontecimientos que marcaron el siniestro más famoso del siglo XX: el hundimiento del trasatlántico más lujoso del mundo, la máquina más sofisticada de su tiempo, considerada «insumergible», que sucumbió a las heladas aguas del Atlántico en abril de 1912, llevándose consigo la vida de 1.500 personas, más de la mitad del pasaje. En los recueros de la anciana hay cabida para algo más que la tragedia, la historia de amor que vivió con un joven pasajero de tercera clase, un pintor aficionado que había ganado su pasaje al ganar a las cartas en una taberna de Southampton.
601,Steven Spielberg,/4kixNqJAu7hWpZOnOsznL7YPuuQ.jpg,https://www.youtube.com/embed/Pk0l07gqkvY?&theme=dark&autoplay=1&autohide=1&modestbranding=1&fs=0&showinfo=0&rel=0&controls=0&disablekb=1,Ésta es la historia de una amistad muy especial que se desarrolla entre Elliott, un chico joven y solitario que reside en un barrio a las afueras de una ciudad californiana, y un visitante sabio y de gran corazón procedente de otro planeta que se pierde en la Tierra. Mientras Elliott intenta ayudar a su compañero extraterrestre a contactar con su planeta natal para que le rescaten, deben escapar de científicos y agentes del gobierno que desean apresar al alienígena. El resultado es una aventura mucho mayor de lo que ninguno de los dos podría haber imaginado.
602,Roland Emmerich,/2yRHehjuobj8UGbVRwPwU9udvf4.jpg,https://www.youtube.com/embed/NbkyyBu4NF8?&theme=dark&autoplay=1&autohide=1&modestbranding=1&fs=0&showinfo=0&rel=0&controls=0&disablekb=1,En víspera del 4 de julio, unas gigantescas naves espaciales aparecen en el cielo. El estupor inicial se convierte en terror al ver cómo éstas atacan al planeta lanzando rayos destructivos en las mayores ciudades de todo el mundo. Ahora la única esperanza para la salvación de la tierra está en la voluntad de algunos supervivientes, que se unen planeando el último ataque masivo contra los alienígenas, antes de que sea demasiado tarde para la humanidad.
607,Barry Sonnenfeld,/gkcT1QmvspJ34rKgFUvv0ho0VrD.jpg,https://www.youtube.com/embed/PcXlZ-2NPi8?&theme=dark&autoplay=1&autohide=1&modestbranding=1&fs=0&showinfo=0&rel=0&controls=0&disablekb=1,Durante muchos años los extraterrestres han vivido en la Tierra, mezclados con los humanos, sin que nadie lo supiese. Los Hombres de Negro son unos agentes, pertenecientes a una asociación altamente secreta del gobierno, encargados de controlar a los alienígenas. Ahora dos de estos agentes, uno veterano y otro recién incorporado, y que tienen como misión vigilar a los alienígenas que habitan en la ciudad de Nueva York, descubren a un terrorista galáctico que pretende acabar con la humanidad.
640,Steven Spielberg,/fxX5KGDO4lf2yyBJn2IxBx3F4cO.jpg,https://www.youtube.com/embed/71rDQ7z4eFg?&theme=dark&autoplay=1&autohide=1&modestbranding=1&fs=0&showinfo=0&rel=0&controls=0&disablekb=1,Frank Abagnale Jr. trabajó como médico, abogado y copiloto de una de las grandes líneas aéreas, todo ello antes de cumplir los dieciocho años. También fue un genial falsificador y sus habilidades le otorgaron una plaza en la historia. A la edad de 17 años, Frank Abagnale Jr. se convirtió en el ladrón de bancos de más éxito en la historia de Estados Unidos. El agente del FBI Carl Hanratty dedicó la mayor parte de su tiempo a perseguir a Frank para llevarle ante la justicia, pero Frank siempre estaba un paso por delante, retándole a continuar la caza.
641,Darren Aronofsky,/3sd6Q98cFSzoNzfIKZkMXiWHcpM.jpg,https://www.youtube.com/embed/lgo3Hb5vWLE?&theme=dark&autoplay=1&autohide=1&modestbranding=1&fs=0&showinfo=0&rel=0&controls=0&disablekb=1,Harry (Jared Leto) vive con su atormentada madre Sara (Ellen Burstyn), y mientras él sueña con una vida mejor, ella está permanentemente a dieta para el día que pueda cumplir su mayor ilusión; aparecer en su concurso televisivo preferido. La ambición de Harry y su novia Marion (Jennifer Connelly) es hacerse ricos vendiendo droga con su amigo Tyrone (Marlon Wayans), y utilizar las ganancias para abrir un negocio propio, pero nunca llega el dinero suficiente para iniciar su plan. A pesas de todo, Harry y Marion no se resignan a vivir una existencia que consideran despreciable, por lo que harán lo impensable para conseguir la vida que anhelan.
664,Jan de Bont,/sqGlDmGDNv8jtUQkPiZx83WbaUd.jpg,https://www.youtube.com/embed/HCIK_AN8Zn4?&theme=dark&autoplay=1&autohide=1&modestbranding=1&fs=0&showinfo=0&rel=0&controls=0&disablekb=1,Dos grupos de científicos persiguen a las tormentas en busca de conseguir estudiar los comportamientos de los tornados. Ambos compiten por ser los primeros en analizar estos peculiares fenómenos meteorológicos desde dentro de un tornado. Su objetivo es analizar en profundidad la mayor tormenta que caerá sobre Oklahoma en el último medio siglo. En uno de los grupos está Jo Harding, una mujer que, con escasos medios y a punto de divorciarse, tendrá que pedir ayuda a su todavía marido Bill. Éste se la da, pero se presenta acompañado de su nueva amante, Melissa. El otro equipo, con mejor equipamiento, está dirigido por el doctor Miller..
671,Chris Columbus,/roKMM6S9DRGFNujmvqlk8l5YbN3.jpg,https://www.youtube.com/embed/DiggeltMjlA?&theme=dark&autoplay=1&autohide=1&modestbranding=1&fs=0&showinfo=0&rel=0&controls=0&disablekb=1,Harry Potter es un huérfano que vive con sus desagradables tíos, los Dursley, y su repelente primo Dudley. Se acerca su undécimo cumpleaños y tiene pocas esperanzas de recibir algún regalo, ya que nunca nadie se acuerda de él. Sin embargo, pocos días antes de su cumpleaños, una serie de misteriosas cartas dirigidas a él y escritas con una estridente tinta verde rompen la monotonía de su vida: Harry es un mago y sus padres también lo eran.
672,Chris Columbus,/nrbXdXtAFQF31MU5a8izJ9RW6NV.jpg,https://www.youtube.com/embed/uU-ET1FAv3Y?&theme=dark&autoplay=1&autohide=1&modestbranding=1&fs=0&showinfo=0&rel=0&controls=0&disablekb=1,Harry regresa a su segundo año a Hogwarts, pero descubre que cosas malas ocurren debido a que un sitio llamado la Cámara de los Secretos ha sido abierto por el heredero de Slytherin y hará que los hijos de muggles, los impuros, aparezcan petrificados misteriosamente por un animal monstruoso.
680,Quentin Tarantino,/plnlrtBUULT0rh3Xsjmpubiso3L.jpg,https://www.youtube.com/embed/s7EdQ4FqbhY?&theme=dark&autoplay=1&autohide=1&modestbranding=1&fs=0&showinfo=0&rel=0&controls=0&disablekb=1,Jules y Vincent, dos asesinos a sueldo con muy pocas luces, trabajan para Marsellus Wallace. Vincent le confiesa a Jules que Marsellus le ha pedido que cuide de Mia, su mujer. Jules le recomienda prudencia porque es muy peligroso sobrepasarse con la novia del jefe. Cuando llega la hora de trabajar, ambos deben ponerse manos a la obra. Su misión: recuperar un misterioso maletín.
752,James McTeigue,/RGtqJD856BJ7kZ88v7ZPz84tU6.jpg,https://www.youtube.com/embed/5I-mKP2Hz4Q?&theme=dark&autoplay=1&autohide=1&modestbranding=1&fs=0&showinfo=0&rel=0&controls=0&disablekb=1,En un futuro no muy lejano, Gran Bretaña es un país totalitario dirigido con mano de hierro por un tirano (John Hurt). Una tarde, tras el toque de queda nocturno, la joven Evey (Natalie Portman) es rescatada en plena calle por un misterioso enmascarado cuyo nombre es V (Hugo Weaving). El extraño personaje le explica cuáles son sus planes para combatir la falta de libertad. A partir de ese momento, las acciones de V tendrán como objetivo hacer estallar en todo el país una revolución contra el gobierno fascista.
786,Cameron Crowe,/2fEy9iTquhFy3aB2XACKjQ6wGRh.jpg,https://www.youtube.com/embed/6iyp0qcf7-w?&theme=dark&autoplay=1&autohide=1&modestbranding=1&fs=0&showinfo=0&rel=0&controls=0&disablekb=1,Homenaje al rock de los 70. Gracias a sus buenas críticas musicales, un adolescente que aspira a ser periodista es contratado por la revista "Rolling Stone" para cubrir la gira de una famosa banda. A pesar de su juventud y de la oposición de su madre, el chico vivirá con los músicos y sus fans una aventura inolvidable. Basada en la propia experiencia de Crowe.
788,Chris Columbus,/4pgGifaw3nrjm9NtnbVhqtBiHPb.jpg,https://www.youtube.com/embed/23KfhRrtni8?&theme=dark&autoplay=1&autohide=1&modestbranding=1&fs=0&showinfo=0&rel=0&controls=0&disablekb=1,Willams es padre y esposo. Sus hijos lo consideran un padre maravilloso, pero su mujer está cansada de que se comporte como si también él fuera un niño. Tras un accidentado divorcio, aunque lucha con todas sus fuerzas para conseguir la custodia de los niños, el juez no se la concede. Decide entonces hacerse pasar por una señora mayor para poder ser, al menos, la canguro de sus hijos. (FILMAFFINITY)
807,David Fincher,/8xYdzKvvmtY6UyHiBtvhO53zZ3h.jpg,https://www.youtube.com/embed/xhzBmjdehPA?&theme=dark&autoplay=1&autohide=1&modestbranding=1&fs=0&showinfo=0&rel=0&controls=0&disablekb=1,El teniente Somerset, del departamento de homicidios, está a punto de jubilarse y ser reemplazado por el ambicioso y brillante detective David Mills. Ambos tendrán que colaborar en la resolución de una serie de asesinatos cometidos por un psicópata que toma como base la relación de los siete pecados capitales: gula, pereza, soberbia, avaricia, envidia, lujuria e ira. Los cuerpos de las víctimas, sobre los que el asesino se ensaña de manera impúdica, se convertirán para los policías en un enigma que les obligará a viajar al horror y la barbarie más absoluta.
808,Andrew Adamson,/lh0yryxEPiiwqStP9coBPCuiCrT.jpg,https://www.youtube.com/embed/B88JfTyJ1Fw?&theme=dark&autoplay=1&autohide=1&modestbranding=1&fs=0&showinfo=0&rel=0&controls=0&disablekb=1,Hace mucho, mucho tiempo, en una lejanísima ciénaga vivía un intratable ogro llamado Shrek. Pero de repente, un día, su absoluta soledad se ve interrumpida por una invasión de sorprendentes personajes de cuento. Hay ratoncitos ciegos en su comida, un enorme y malísimo lobo en su cama, tres cerditos sin hogar y otros muchos seres increíbles que han sido deportados de su reino por el malvado Lord Farquaad. Para conseguir salvar su terreno, y de paso a sí mismo, Shrek hace un pacto con Farquaad y emprende viaje para conseguir que la preciosa princesa Fiona sea la novia del Lord. En tan importante misión le acompañan un burro chistoso, dispuesto a hacer cualquier cosa por Shrek. Todo, menos estarse calladito. Rescatar a la princesa de una dragona enamoradiza que suelta fuego al respirar va a resultar una tontería comparado con lo que ocurre cuando el oscuro secreto que la joven guardaba es revelado.
809,Andrew Adamson,/rD8SvOTCCJ2VIpIV7GUwUKD1Kzc.jpg,https://www.youtube.com/embed/xBxVgh-kgAI?&theme=dark&autoplay=1&autohide=1&modestbranding=1&fs=0&showinfo=0&rel=0&controls=0&disablekb=1,Cuando Shrek y la princesa Fiona regresan de su luna de miel, los padres de ella los invitan a visitar el reino de Muy Muy Lejano para celebrar la boda. Para Shrek, al que nunca abandona su fiel amigo Asno, esto constituye un gran problema. Los padres de Fiona, por su parte, no esperaban que su yerno tuviera un aspecto semejante y, mucho menos, que su hija hubiera cambiado tanto. Todo esto trastoca los planes del rey respecto al futuro del reino. Pero entonces entran en escena la maquiavélica Hada Madrina, su arrogante hijo el Príncipe Encantador y un minino muy especial: el Gato con Botas, experto cazador de ogros.
812,Ron Clements,/xWa72sP1Lq2ISHHD8Tc9YnKdyvv.jpg,https://www.youtube.com/embed/Z1D11tWmjtc?&theme=dark&autoplay=1&autohide=1&modestbranding=1&fs=0&showinfo=0&rel=0&controls=0&disablekb=1,Basada en el famoso cuento "Aladino y la lámpara maravillosa", la trama se sitúa en el exótico paisaje del mítico reino árabe de Agrabah. Aladdin es un ingenioso joven que, a pesar de vivir en un estado de extrema pobreza, sueña con casarse con la bella hija del sultán, la princesa Yasmin. El destino interviene cuando el astuto visir del Sultán, Yafar, recluta a Aladdin para que le ayude a recuperar la lámpara maravillosa de las profundidades de la Cueva de las Maravillas. El joven encuentra la lámpara, en la que vive un genio que concede tres deseos a quien le libere. Aladdin se gana la enemistad del visir, pero se hace amigo del genio, y con su ayuda se hace pasar por un rico y apuesto príncipe. Sin embargo, no conseguirá impresionar a la princesa por sus riquezas, sino por su forma de ser. Con la ayuda de sus amigos Abú (su mono amaestrado), el Genio y una alfombra voladora, Aladdin intentará salvar el reino del complot del malvado Yafar y además lograr sus sueños.
854,Joe Johnston,/m67M2wXLKblJLuJlvF7qaGrGfCa.jpg,https://www.youtube.com/embed/_PLIHzGLLhs?&theme=dark&autoplay=1&autohide=1&modestbranding=1&fs=0&showinfo=0&rel=0&controls=0&disablekb=1,Alan Parris queda atrapado en un juego de mesa mágico y muy antiguo, Jumanji, durante 25 años. Cuando finalmente es liberado por dos niños, una manada de animales exóticos también es liberada. Alan deberá salvar a su pueblo de la destrucción.
857,Steven Spielberg,/dcKfD8xWf8XnS3tHVp7v331wdNT.jpg,https://www.youtube.com/embed/RYExstiQlLc?&theme=dark&autoplay=1&autohide=1&modestbranding=1&fs=0&showinfo=0&rel=0&controls=0&disablekb=1,Iniciandose con la invasion aliada a Normandia el 6 de Junio de 1944, los miembros del 2do batallon de asalto bajo las ordenes del capitan Miller luchan por ganar el control de la playa. En el combate dos hermanos resultan muertos. Un poco antes en Nueva Guinea, un tercer hermano muere tambien. Su madre, la señora Ryan, va a recibir tres telegramas de defuncion el mismo dia. El jefe del ejercito estadounidense, George C. Marshall, ve la oportunidad de aliviar el sufrimiento de la señora cuando se entera de la existencia de un cuarto hermano, el soldado James Ryan, y decide enviar a 8 hombres (El capitan Miller y un grupo selecto de su batallon) a buscarlo y devolverlo a casa de su madre.
862,John Lasseter,/agy8DheVu5zpQFbXfAdvYivF2FU.jpg,https://www.youtube.com/embed/4j_qfJN0qd4?&theme=dark&autoplay=1&autohide=1&modestbranding=1&fs=0&showinfo=0&rel=0&controls=0&disablekb=1,Los juguetes de Andy, un niño de 6 años, temen que haya llegado su hora y que un nuevo regalo de cumpleaños les sustituya en el corazón de su dueño. Woody, un vaquero que ha sido hasta ahora el juguete favorito de Andy, trata de tranquilizarlos hasta que aparece Buzz Lightyear, un héroe espacial dotado de todo tipo de avances tecnológicos. Woody es relegado a un segundo plano. Su constante rivalidad se transformará en una gran amistad cuando ambos se pierden en la ciudad sin saber cómo volver a casa.
954,Brian De Palma,/awVLBmWKcAM4ZZm6WfAeP7TdFtJ.jpg,https://www.youtube.com/embed/vadCbBuUM0E?&theme=dark&autoplay=1&autohide=1&modestbranding=1&fs=0&showinfo=0&rel=0&controls=0&disablekb=1,Ethan Hunt es un superespía capaz de resolver cualquier arriesgada situación con la máxima elegancia. Forma parte de un competente equipo dirigido por el agente Jim Phelps, que ha vuelto a reunir a sus hombres para participar en una dificilísima misión: evitar la venta de un disco robado que contiene información secreta de vital importancia.
955,John Woo,/ievn5VY863CqLIgAoiTytcDNAHm.jpg,https://www.youtube.com/embed/vIpqpRuGrq4?&theme=dark&autoplay=1&autohide=1&modestbranding=1&fs=0&showinfo=0&rel=0&controls=0&disablekb=1,El agente especial Ethan Hunt tiene una nueva misión: evitar que un despiadado ex-agente y ahora terrorista internacional se haga con un virus mortal que podría soltar sobre Australia causando millones de víctimas. Para evitarlo, contará otra vez con la inestimable ayuda del genio informático Luther Stickell, del experto conductor Billy Baird y de la presencia de la sensual y exótica ladrona internacional Nhye, que en el pasado mantuvo una relación sentimental con el criminal y que ahora se siente atraída por Hunt.
1572,John McTiernan,/z4V0nyYSqZ4O2qoD7OqYGzIFWnc.jpg,https://www.youtube.com/embed/14dlb4uMkpU?&theme=dark&autoplay=1&autohide=1&modestbranding=1&fs=0&showinfo=0&rel=0&controls=0&disablekb=1,Un hombre que se llama a sí mismo "Simon" inicia una oleada de terror por las calles de Nueva York. Hará detonar una serie de bombas por la ciudad a menos que el agente John McClane acceda a jugar a un juego llamado "Simón dice". Con la ayuda de Zeus, un electricista del Harlem, comienza una trepidante carrera para averiguar las adivinanzas y las intenciones del terrorista
1597,Jay Roach,/l66dYih7ThzDWcrhN9FSiOBGTTC.jpg,https://www.youtube.com/embed/I18TOdCvvdM?&theme=dark&autoplay=1&autohide=1&modestbranding=1&fs=0&showinfo=0&rel=0&controls=0&disablekb=1,Greg Focker (Ben Stiller) es un enfermero algo patoso que, tras anunciar su compromiso con novia Pam (Teri Polo), tiene que pasar unos días con los padres de ella, para conocerles. Su encuentro inicial no será muy afortunado, en especial por las suspicacias que Greg levanta en el estricto padre de la novia (Robert de Niro), un padre protector que ha trabajado para la CIA, aunque ahora está ya retirado, y al que es muy difícil impresionar. Desde el principio, Jim rechaza por completo a Greg, pero a medida que lo conoce mejor, su rechazo se convierte en absoluto desprecio, y se encarga de convertirse en la peor pesadilla de este hombre que, a pesar de amar a su novia y querer dar una buena primera impresión, cada vez se hunde más en el lodo de su propia ineptitud, y deberá luchar mucho para poder cambiar la pésima opinión que tienen de él los parientes de su novia.
1637,Jan de Bont,/rCMvCLEaFzgGPztreWiuyuKCxr3.jpg,https://www.youtube.com/embed/vi8zrTWMcwA?&theme=dark&autoplay=1&autohide=1&modestbranding=1&fs=0&showinfo=0&rel=0&controls=0&disablekb=1,Jack Traven (Reeves) es un intrépido policía de Los Angeles. La supervivencia en esta ciudad para un agente de la ley no es tarea fácil, pero Jack, además de disfrutar de una proverbial buena suerte, conoce perfectamente los trucos para sortear el peligro. Sin embargo, tendrá que afrontar una dura prueba cuando queda atrapado en un autobús urbano que lleva instalada una bomba programada para explotar si el vehículo disminuye su velocidad a menos de 50 millas por hora. Empieza así una loca carrera por la ciudad, con Jack intentando dar confianza a la joven pasajera (Bullock) que ha sustituido al conductor, herido en el "secuestro".
1891,Irvin Kershner,/eU7KcNAOeZj9PBIcGUMSsuJz8qj.jpg,https://www.youtube.com/embed/xr3hPFJAHO4?&theme=dark&autoplay=1&autohide=1&modestbranding=1&fs=0&showinfo=0&rel=0&controls=0&disablekb=1,Tras un ataque sorpresa de las tropas imperiales a las bases camufladas de la alianza rebelde, Luke Skywalker, en compañía de R2D2, parte hacia el planeta Dagobah en busca de Yoda, el último maestro Jedi, para que le enseñe los secretos de la Fuerza. Mientras, Han Solo, la princesa Leia, Chewbacca, y C3PO esquivan a las fuerzas imperiales y piden refugio al antiguo propietario del Halcón Milenario, Lando Calrissian, en la ciudad minera de Bespin, donde les prepara una trampa urdida por Darth Vader.
1892,Richard Marquand,/vebHw8cJqqW5bLjLfhutRey3ZHI.jpg,https://www.youtube.com/embed/1x4OmSgR714?&theme=dark&autoplay=1&autohide=1&modestbranding=1&fs=0&showinfo=0&rel=0&controls=0&disablekb=1,Luke Skywalker y la princesa Leia deben viajar a Tatooine para liberar a Han Solo. Para conseguirlo, deben infiltrarse en la peligrosa guarida de Jabba the Hutt, el gángster más temido de la galaxia. Una vez reunidos, el equipo recluta a tribus de Ewoks para combatir a las fuerzas imperiales en los bosques de la luna de Endor. Mientras tanto, el Emperador y Darth Vader conspiran para convertir a Luke al lado oscuro, pero el joven Skywalker, por su parte, está decidido a reavivar el espíritu del Jedi en su padre. La guerra civil galáctica culmina en un último enfrentamiento entre las fuerzas rebeldes unificadas y una segunda Estrella de la Muerte, indefensa e incompleta, en una batalla que decidirá el destino de la galaxia.
1894,George Lucas,/zUTmh6AcCfzM4QwOZbRd254kQg0.jpg,https://www.youtube.com/embed/gYbW1F_c9eM?&theme=dark&autoplay=1&autohide=1&modestbranding=1&fs=0&showinfo=0&rel=0&controls=0&disablekb=1,Corren tenebrosos tiempos para la República. Ésta continúa envuelta en luchas y sumida en el caos. Un movimiento separatista, formado por centenares de planetas y poderosas alianzas y y lideradas por el misterioso conde Dooku, abre nuevas amenazas para la galaxia, a la que ni siquiera los Jedi parecen poder poner freno. Estas maniobras, planeadas hace mucho por una poderosa fuerza, conducen al estallido de las guerras clones y al principio del fin de la República. Para allanar el camino, los separatistas intentan asesinar a la senadora Padme Amidala. Para evitar futuros atentados, su seguridad es encomendada a dos caballeros Jedi...
1900,Steven Soderbergh,/wcVdkwQbygfSIqOi2ec8jlq7x08.jpg,https://www.youtube.com/embed/g3Du7F7htXc?&theme=dark&autoplay=1&autohide=1&modestbranding=1&fs=0&showinfo=0&rel=0&controls=0&disablekb=1,El juez Robert Wakefield es nombrado por el Presidente de los Estados Unidos para supervisar los grupos de lucha contra la droga y su coordinación con las autoridades de México. Sin embargo su entusiasmo inicial por la posición de prestigio alcanzada se acabará cuando se dé cuenta de que su hija adolescente Caroline, de 16 años, se ha convertido en una drogadicta -hecho que le ocultaba su esposa Barbara-. Mientras tanto, al sur de la frontera, el agente mexicano Javier Rodriguez intenta librar su propia batalla contra la droga.
2164,Roland Emmerich,/4T6Po0XnZlevmhfPh3ZfEs5butR.jpg,https://www.youtube.com/embed/qMLyCQq6Gvc?&theme=dark&autoplay=1&autohide=1&modestbranding=1&fs=0&showinfo=0&rel=0&controls=0&disablekb=1,Un coronel y un científico, movidos por distintos intereses, investigan el misterioso hallazgo en unas excavaciones de un extraño artefacto al que llaman "Puerta de las Estrellas". Acompañados de un equipo de reconocimiento, atraviesan la Puerta y son transportados a un lejano planeta.
3049,Tom Shadyac,/1C6PstbAqquPzMWuKvgxWfrSIbU.jpg,https://www.youtube.com/embed/_MQSTiPbKLA?&theme=dark&autoplay=1&autohide=1&modestbranding=1&fs=0&showinfo=0&rel=0&controls=0&disablekb=1,El detective Ace Ventura, especializado en rescatar animales secuestrados, recibe el encargo de localizar y rescatar el delfin Copo de Nieve, mascota del equipo de fútbol de Miami, que ha sido secuestrado el día anterior a la gran final que debe disputar el equipo.
4327,McG,/1RAj8zEuVVh5YZuRwJ4yqdC2LFM.jpg,https://www.youtube.com/embed/RFuZhw5b1KA?&theme=dark&autoplay=1&autohide=1&modestbranding=1&fs=0&showinfo=0&rel=0&controls=0&disablekb=1,Una peculiar agencia de detectives dirigida por el multimillonario Charlie tiene en sus filas a Natalie (Cameron Diaz), Dylan (Drew Barrymore) y Alex (Lucy Liu), tres expertas en artes marciales, en disfraces y en la más avanzada tecnología. Juntas tendrán que ocuparse de un caso muy importante: el secuestro del genio de la informática Eric Knox (Sam Rockwell) por su rival Roger Corwin (Tim Curry). Si no consiguen liberarlo, quedaría destruida la intimidad de todo el mundo, incluido Charlie, su misterioso jefe.
7443,Peter Lord,/z7clzPH2kNS29oDJTpMdPLIippL.jpg,https://www.youtube.com/embed/jevaUcKLoMY?&theme=dark&autoplay=1&autohide=1&modestbranding=1&fs=0&showinfo=0&rel=0&controls=0&disablekb=1,La señora Tweedy es la dueña de una granja en la que la mayoría de las aves se han resignado a llevar una vida corta e infeliz: viven mientras ponen huevos y, cuando dejan de hacerlo, acaban en la mesa como comida de los domingos. Pero las cosas empiezan a cambiar con la llegada de Rocky, un gallo norteamericano, que mantiene un romance con Ginger, una gallina muy combativa que ha organizado innumerables intentos de fuga para alcanzar una vida mejor.
8358,Robert Zemeckis,/4j5ijr5M19bhdjIWwA9VAxjr50u.jpg,https://www.youtube.com/embed/yY9Nm4RF-K0?&theme=dark&autoplay=1&autohide=1&modestbranding=1&fs=0&showinfo=0&rel=0&controls=0&disablekb=1,Chuck Noland, un ejecutivo de la empresa multinacional de mensajería FedEx, se ve apartado de su cómoda vida y de su prometida a causa de un accidente de avión por el que queda aislado de la civilización en una remota isla tropical. Único superviviente y solo en la isla, tras cuatro años de subsistencia Chuck aprende todas las técnicas de supervivencia mientras sufre la tortura de la soledad. La solución: arriesgar la vida adentrándose mar adentro.
9331,Phillip Noyce,/12iBmLbwRT7xUxdomQhphsVh3GK.jpg,https://www.youtube.com/embed/3sG1tGbpT7c?&theme=dark&autoplay=1&autohide=1&modestbranding=1&fs=0&showinfo=0&rel=0&controls=0&disablekb=1,Cuando el Almirante James Greer cae gravemente enfermo, Ryan es nombrado subdirector de inteligencia de la CIA. Su primera misión: investigar el asesinato de uno de los amigos personales del presidente, un importante hombre de negocios secretamente conectado con el tráfico de drogas colombiano. Pero sin que Ryan lo sepa, la CIA ha enviado una fuerza paramilitar, dirigida por el temible Mr. Clark, contra el cartel de la droga colombiana. Atrapado entre dos fuegos, Ryan decide arriesgar su carrera y su vida por la única causa en la que aún cree: la verdad.
9741,M. Night Shyamalan,/csOCHuIIPGwixlHhZBiXwhlTknm.jpg,https://www.youtube.com/embed/AQkjd9wwpmU?&theme=dark&autoplay=1&autohide=1&modestbranding=1&fs=0&showinfo=0&rel=0&controls=0&disablekb=1,Philadelphia. Año 1961. Un niño de color acaba de nacer en unos grandes almacenes. Un médico acude a ver como se encuentran tanto la madre como el bebé, y horrorizado le pregunta a la mujer si se le ha caído el niño, ya que tiene tanto los brazos como las piernas fracturadas. Philadelphia. Año 2000. Un hombre llamado David Dunn está en el expreso que va de Nueva York a Philadelphia camino de su casa después de una entrevista de trabajo en la ciudad de los rascacielos. En el tren entabla conversación con una atractiva mujer, pero ésta cree que quiere ligar y se cambia de asiento. Un momento después se produce un dramático accidente.
10020,Gary Trousdale,/1FxMtEUc6DP1MXsTBftOFaoCVVO.jpg,https://www.youtube.com/embed/6vfCFxwa2kE?&theme=dark&autoplay=1&autohide=1&modestbranding=1&fs=0&showinfo=0&rel=0&controls=0&disablekb=1,Una hermosa joven llamada Bella acepta alojarse en un castillo con una bestia a cambio de la libertad de su padre. La bestia es, en realidad, un príncipe encantado. Para romper el hechizo, deberá ganarse el amor de una preciosa dama antes de que caiga el último pétalo de una rosa encantada.
36657,Bryan Singer,/5gmQsDWIIpeK1q2dEmXey14HaaH.jpg,https://www.youtube.com/embed/njUUHMDKI5E?&theme=dark&autoplay=1&autohide=1&modestbranding=1&fs=0&showinfo=0&rel=0&controls=0&disablekb=1,En un futuro cercano, la humanidad comienza a ver aparecer una nueva raza; los mutantes. Dotados de extraños y variados poderes, están agrupados en dos bandos: los que abogan por la integración y el entendimiento con la humanidad, encabezados por el doctor Charles Xavier, y los que buscan el enfrentamiento con una raza que consideran inferior y que les odia, dirigidos por Magnus, alias Magneto, un peligroso mutante con extraordinarios poderes.
36658,Bryan Singer,/w8H9K7BSFkW2Y8gvX3V5qCCu2Tu.jpg,https://www.youtube.com/embed/0b3MrSNn1pw?&theme=dark&autoplay=1&autohide=1&modestbranding=1&fs=0&showinfo=0&rel=0&controls=0&disablekb=1,Los mutantes son seres humanos con alguna variación genética que les dota de características especiales. También son la más moderna minoría perseguida del mundo. En medio de un clima de rabia y persecución, el profesor Xavier ha creado un instituto, un refugio, para estos seres poderosos. En este lugar los iniciados son preparados para aceptar y dominar sus habilidades, y ponerlas al servicio de la tolerancia y el combate contra la creciente histeria colectiva que está amenazando con su existencia. Pero la reputación de los mutantes será todavía peor cuando uno de ellos lanza un devastador ataque, lo que conlleva causas una pública recriminación hacia todos ellos y nuevos poderes para la Mutant Registration Act y William Stryker, un líder militar que pretende acabar con todos ellos centrándose en la escuela de X-Men.
36955,James Cameron,/wCCZwDYsRKoUF1APyZ1hfiCrfbp.jpg,https://www.youtube.com/embed/3B7HG8_xbDw?&theme=dark&autoplay=1&autohide=1&modestbranding=1&fs=0&showinfo=0&rel=0&controls=0&disablekb=1,El agente especial Harry Tasker (Arnold Schwarzenegger) mantiene una doble vida. Harry habla seis idiomas, conoce y domina todas las formas de contraespionaje y trabaja como espía internacional para Omega, una agencia gubernamental ultrasecreta encargada de la neutralización del terrorismo nuclear. Por razones de seguridad nacional, Harry oculta su verdadera profesión a su mujer Helen (Jamie Lee Curtis), que empieza a aburrirse del hombre gris y rutinario que, según ella cree, se dedica a vender ordenadores. Harry, que tiene recursos y valor para salvar a su país, quizá no sea capaz de salvar su matrimonio. Pero, cuando Helen descubre la verdadera profesión de su marido, excitada por la novedad, decide ayudarle a acabar con un comando integrista que planea un sangriento atentado.
